날짜,전국,서울특별시,서울 용산구,서울 성동구,서울 마포구,서울 서초구,서울 강남구,서울 송파구,서울 강동구,서울 노원구,부산광역시,대구광역시,인천광역시,인천 연수구,세종특별자치시,경기도,경기 수원시,경기 성남시,경기 성남 분당구,경기 고양시,경기 과천시,경기 광명시,경기 하남시,경기 화성시,경기 김포시,제주특별자치도
2013.04,324.2640227050795,586.7091307804966,854.1818307778316,595.8028927702529,592.6900673930418,903.2213899460048,1038.8724894307031,709.8447829394137,598.1291774108321,430.51555747488015,263.9582412920462,224.6803538743942,264.94584763844733,294.66709998940786,213.9891966413669,337.4152674004759,324.7192370338431,544.0319636186994,585.5906956888182,329.5840153060616,906.8878970561052,450.486789152951,389.1725038750142,268.6625372590542,242.33919974244137,228.99000556763255
2013.05,324.13986042759035,586.5943733767668,849.9259308742123,594.8066875927801,594.5680531321112,903.6910857446646,1040.8788824696094,711.5570739797244,598.1971811391834,429.27723747327394,263.7659136725058,226.59510245836117,264.29346742428726,293.98830917162513,214.3154273032115,336.6543041503075,324.5092305270272,544.0105966259365,585.4483415043943,327.6379813057544,908.4875084329144,449.6337252689312,388.6359862033583,267.54091028275644,239.9175335329286,228.97313674660225
2013.06,323.71400860388013,585.2245650771124,847.509334645538,592.9724892498308,593.5192156994757,904.0954139091172,1037.9355234290874,709.5623582466027,595.9301857009428,427.83531081926736,263.51609954553123,228.4671789176952,263.84031469069566,293.7124490343091,215.11050135317032,335.5707434172728,324.0577066562975,544.1828173132277,585.7521049020709,326.1496485994349,907.4459005938544,450.1196454359685,388.416261899274,266.99082555922786,238.24687241003176,231.63821618224105
2013.07,323.2998581986925,582.8342820677213,843.9998792025146,589.7991710633887,592.4077007392268,903.5532492458984,1030.0517947784049,705.6402516609177,593.1361186041519,425.2873678541662,263.3911488938429,230.12214868929803,263.5683753445629,293.99398401791944,216.9491003758447,335.0893932672569,323.66440414780584,543.9229928508921,585.6594480407437,324.8259152158684,909.8726356717738,450.8213297365661,387.0874956040261,264.9540634077709,237.71587224246508,231.52214301683148
2013.08,322.8394830608581,581.0153691602734,839.5590346895657,584.8780763327142,590.8736617858948,902.422721318346,1026.033847331831,704.3396646190506,592.3281225949777,422.5239126375691,263.3905294298452,231.055203164492,263.0266775569393,294.018947782655,217.365905522236,334.30836308232193,322.72090073621047,542.5872628565053,584.0931732499437,323.29609913973206,908.7149973589856,449.6496917251197,383.8336850717352,264.1069435604504,237.2793924023158,231.4567758494524
2013.09,322.79881171098003,580.4490804131905,815.2574745978977,583.8000612634148,590.7895047926957,902.365206730814,1028.777509610518,704.937376801523,592.1714736202624,422.7553792320157,263.4129415350063,233.05007138313275,262.8377730201238,292.95127852651683,218.08104722646215,333.8523103791439,322.6890262813828,540.3692427424106,581.5258377065473,322.9613149441236,906.4919820121236,449.8670712186096,382.3842694682932,263.78936892627377,236.8902669566883,231.4163732006282
2013.10,323.5333557481829,581.2896637310058,813.7462235078003,583.3793663351418,589.8317294543599,903.4149135287864,1029.2085085129263,710.3310943243355,593.006417824496,422.6895145305604,263.5955359902649,236.17706608122916,263.18921167546875,292.9430618927435,218.7524688390628,334.4359533184323,323.9623501519212,540.4526995423165,581.4354851864487,323.79705792948096,907.1494047931388,452.7151375154656,382.68770685171336,263.9734304213161,237.47709851177237,231.4163732006282
2013.11,324.0821816492703,581.2295000333805,811.3360376169819,583.3498365263058,589.8469248512916,903.6229787152552,1028.533671603959,710.4929057123878,592.6458688371528,423.050262927649,263.7722360374565,239.555441139052,263.2597451000753,292.74186385890323,219.926296542159,334.82212098984513,324.4503026164664,541.450343294181,582.5958914107684,324.4064440068307,910.073968641058,453.55073277110745,382.0118584202519,264.41302890966745,237.91258147172735,231.4163732006282
2013.12,324.78276380899723,581.3851107869906,810.1969291491606,582.9769089027319,590.7614011089105,904.1744634175516,1030.0954406378928,711.6045010349806,592.3510078342312,422.8462535529815,264.0078538828126,242.85920754002532,263.3552763035584,292.8895320158375,220.53491561054608,335.1355288294357,324.97258282002764,541.2798922440792,582.283555725609,324.97585651204554,910.5103578230024,454.38068326029656,382.21622223935753,264.455523075156,237.834957324226,231.96554204575747
2014.01,325.2365575066132,581.6906097716798,809.6465567689128,583.5082179509011,590.8825251783991,906.5993511292074,1031.5604777874253,712.7307239134806,590.5555986657694,422.7921968483104,264.1296786348615,244.44460647549752,263.4362359923627,292.8180286029347,222.57296560718896,335.5298161423786,325.24662061154663,542.1031570969034,583.3099202335807,325.340579948493,912.4066616419468,455.0713597317664,382.1698534013627,264.30399927605754,238.64765873897207,231.14036090267672
2014.02,325.783906631916,582.717184379948,810.8590560498402,583.5580082532534,591.9454259320963,908.2013588630202,1036.4879628450994,714.5362946391557,591.7198144015284,422.68146636339793,264.34160983549367,246.46241366249865,263.38188930061165,293.27742523630764,223.01402851851807,335.74993446139,325.2963532707905,543.0584260176331,584.589486806864,325.5340122299551,909.6827570773164,456.8375693266383,382.3301025457851,264.0640120292835,238.26313840012364,231.5384927890465
2014.03,327.11789892270093,584.6658424593028,809.5095998155341,584.2305836197478,593.309158178772,913.473033763893,1045.243399318735,719.1599228879827,593.8889086649598,423.7274744616036,264.67668577135464,249.73696274977405,264.47941798898887,293.99689654560405,222.97675401937116,337.1431077739753,326.9765381284851,547.2933913724165,589.7935803553219,327.0657926195868,916.6263781553145,459.1554233908824,383.78949925214704,263.7899680549411,238.74191860920757,231.6410919953387
2014.04,328.21056844686944,585.4557644823461,808.4899175200603,584.5877909999559,593.0334281322706,916.2231160772054,1046.1495389289278,720.6551535948864,594.5843058842689,424.0318512925599,265.4738985948281,253.55015779202117,265.5617757964976,294.93502510617566,223.5396580405028,337.9852740574308,328.2908863447835,547.9170426410432,590.4714330017168,327.628893143792,919.2401322676296,459.8120474868009,384.2480140934068,264.2672425055215,239.45448005451556,235.40573904121996
2014.05,328.5405537026848,585.3375197785579,806.4154265179438,584.7375187761428,593.230147456693,916.4893165667584,1045.6142099367064,720.8230010590526,594.4195326118725,423.6458357351105,265.52581296096173,255.8613471236264,265.67758639976654,295.8261154915076,223.54649686313107,338.1572729346811,328.9200441194972,548.5467699910076,591.4627147475468,327.59830772600776,919.623555346648,460.0160611175609,384.17378286118736,264.4163658513074,239.7098162980921,237.1570783425266
2014.06,328.9548617133551,585.0797320996921,804.5676181374654,584.2634742966983,593.5813038243721,915.7064995502146,1047.228820033329,720.5005039014995,594.4637846853029,423.4664993458378,265.93093501858846,258.2955890155365,265.89646421321515,295.1866989995336,223.3921067860962,338.37841951442226,329.36793530295034,549.5921549868915,592.7464296938691,327.75227896266887,920.0031960157602,460.8047007721625,384.289559547068,264.3335011388751,239.9000684686428,240.6314052040732
2014.07,329.35370905099586,585.2891301312116,804.1884845641762,584.2503369914707,593.6452723890499,918.0320655873752,1048.922085977889,720.2284812974951,594.3947378816338,423.593446456229,266.19665543844496,259.62798092919223,266.3166752746913,295.74343181019293,223.61764266606855,338.52827941384515,329.7967981365392,550.4988423917073,593.7301867178356,327.702712264512,917.1624994682232,461.9239682890718,383.7912026307734,264.20535457229965,239.71701045613327,241.00758166360404
2014.08,330.0367039815101,585.8501423425014,803.2875723877137,584.0525014752558,593.53631320918,924.3052735626638,1052.4957542594932,720.8461892288246,595.0487725717866,423.434787951824,266.6076546486246,261.6553069760464,266.70865994202654,296.474538343502,223.1531683166452,339.29751646701345,331.52611713982816,552.5617655727449,596.126060754694,328.0371674365645,917.267174654752,465.7891429284222,384.2746870729798,263.6706717254605,239.75588926098848,241.4136909062219
2014.09,331.7818602385735,588.8959922567793,803.8038463706175,585.7278894693335,595.6785288257535,929.2318687786618,1065.4139882306802,725.5929921485516,599.473677530883,426.0070011852563,267.6184544341419,265.43426090497434,267.84913948355705,299.1545450589649,223.3249410059636,340.98287105690787,333.1585410751953,556.2435979414854,600.5617523592274,330.0502139337863,924.6365106848666,470.28075629988297,385.05354063271767,264.39732596575163,239.92555060466464,242.33669870875988
2014.10,333.4390608578876,591.330836780805,807.8401830996859,585.7278894693335,597.3911575418473,936.4495266960536,1071.0204290859208,729.2974839453946,602.5688467751803,428.0280989775122,268.8735959836165,269.0558297010359,269.06990671099,301.21628569505754,223.6660634366604,342.6666982729301,335.96532408809026,558.6706834628105,603.2754503072615,331.1212424674918,927.9609940982396,476.8836841343754,385.9878218077967,264.8352479944312,240.9777580749014,243.5587603269833
2014.11,334.4702526727758,592.1842289730384,806.1137090453624,586.4362405803362,598.8023740133655,940.2537207009344,1072.0813228646068,730.7535632081224,602.716753561144,428.8056576618875,269.64056403930505,273.23592932237443,269.5097887848785,301.9757930294624,223.9339277024989,343.5245887431558,336.9654523352464,561.1842077000267,606.3778961613517,331.47510959874734,927.9521820160304,479.8117349597008,387.02236238519936,265.5178122087595,242.80316684723343,245.0367937320045
2014.12,335.5214955649823,592.5590130060946,805.5742728199307,588.0812609780273,599.5956777454442,942.8164977059598,1072.913402133106,730.3459241196057,602.1086354899147,429.31178994961545,270.62553741605484,276.7576136944706,269.74347647634426,303.01618521844665,224.12918549378747,344.61331832217087,338.62181383317795,562.4482696491032,607.9352888436501,332.0216648765491,930.1346457452522,485.5666360658468,386.7634680014967,266.9047159402545,243.88584568494,248.18298140183984
2015.01,336.3754881272717,593.6919557763518,805.7343756231604,588.4120046874131,600.2119925026071,946.4580577352564,1076.853759748512,730.765451203393,604.5698435347002,430.6876657039479,271.3605751434651,279.2205945971873,270.3628279526675,304.4433571484916,224.10887619497123,345.25437449705373,339.7181256551261,563.2169161386147,608.7574794587092,332.48385529357324,931.2659556203448,487.0474082653868,386.88976201736233,267.2446404836068,244.1912556373465,251.70815541284767
2015.02,337.7907431823476,595.7309779452997,807.5980076526299,590.8725100736901,601.1859889132837,955.6141421475525,1080.874523222005,731.1275984873977,611.4225502513109,431.92692562021176,272.2806365771887,282.9391116140379,271.41272245664584,306.59978138157686,224.08532045710385,346.685192810136,341.67096836598813,565.2828636027197,611.1374554614135,333.4316110766284,933.2707735229257,490.6534089881381,388.8833607319206,267.9041486691088,245.9785039114634,255.4346517094976
2015.03,340.036941597908,598.9479085332616,809.9534808038705,595.2529536596857,604.1685600861431,961.1382500516994,1085.004398955633,733.6066274577339,616.1164260671887,435.67712119742896,273.79089762413224,288.25200834620927,273.39349715935,309.8539702613143,225.2137401453484,349.0843266507888,343.875758285558,567.5535884057493,613.3582987546135,335.117777177492,941.04463988798,498.3933073078127,393.97416512210776,268.0558640076076,250.79797756628795,257.0193851407714
2015.04,342.49715367762286,602.5538769811184,813.0966466462232,598.3671705772399,607.6151206714591,971.1207625943728,1090.4251775927569,736.4093762204513,621.3618378448716,438.6481428518612,275.64702796556514,293.59236594158267,275.90736899785054,313.0801392843468,229.17899274319663,351.6886133527942,346.1639134134955,569.8833397234005,615.7125945534569,337.26992279332774,944.226623214436,506.9670069915713,404.4002687239277,268.0558640076076,259.000290844201,263.7458266102226
2015.05,344.66087952593034,605.6228357056688,815.4490294801965,599.7794826471722,610.1852393747139,975.440309159142,1099.0019769833154,739.220697118878,625.5784009272395,439.6757233927517,277.50794557265925,298.8420742719135,278.05146537567543,315.63744420240647,229.16401889478388,353.8762981985679,347.31508072692725,574.3649111406404,621.0362655635679,338.3880038411021,947.3898525728304,510.6789486474631,409.3912338798647,268.44677359063706,262.8167866576602,271.21377099280755
2015.06,347.2785389620758,609.7520922855073,816.4040916332193,601.841638271857,612.4730462487738,984.4572541289342,1113.3829016200914,743.3519907944418,628.7573665914493,440.52285689716473,280.1834555344054,304.42527650207126,280.8136176400253,317.44204802297617,230.1095272939937,356.33495378619534,349.71574118200766,576.4591654943421,623.122558539199,340.70561272382906,958.4043400502692,513.3487582367421,411.1302506369194,268.7231136962986,266.123849329945,276.3697438035643
2015.07,349.6834987433714,613.0627334369968,821.2879551647646,606.0447023353593,615.9117022616811,989.7648767711278,1122.7495587536866,745.6199708844044,619.4592055742289,441.9560013719676,282.4860420822307,309.8803049159009,283.3442086051238,318.92820367211226,229.55675345253545,358.97863896536785,351.7056770366355,578.7135430560105,625.6255867116087,344.2583688730247,979.7148921463402,518.2580720742396,413.4648664939544,269.0467090981663,270.54732748786085,284.8180451061276
2015.08,351.9903633386997,617.3309507092724,821.7459168125347,609.1330473905027,618.1202853692738,1000.3709329372168,1136.0684748281435,748.6345299974112,623.454201053054,444.35398430833135,285.04302383498776,314.60365414748344,285.3347487768732,320.06700392952143,229.55675345253545,361.07054457723336,353.26562476748114,581.0278394389155,627.9420657368578,347.1219520905253,989.0374252911856,523.8870197422589,415.75874189000194,269.48853706177294,274.3156171127267,289.2228662387385
2015.09,354.877471805377,622.3124256172916,824.0332260933882,613.9114462603769,621.4416089302247,1012.4556698455632,1143.7956159928824,752.4618057094253,627.135440470416,448.20704735668136,287.76582187251216,320.4996552950243,288.5533270947101,322.3638407993096,229.5678900895256,363.85362093314393,355.2258660465719,583.0451019246866,629.9200380782349,352.0023380176863,983.4695870648452,531.6661220709383,420.7462134883109,269.9770379884524,278.06719090699045,296.1699556225646
2015.10,356.8687491793653,625.8847093112687,826.50760045792,617.853027879165,624.7696911538991,1015.5180758560654,1152.5787851057669,755.47688210055,629.4328844049311,450.5113124140692,290.6415886295176,322.840729219789,290.42820072906,322.6554082896119,229.5678900895256,365.83333662272,356.8144281799628,585.1569427713903,632.3503106317248,354.494636346122,999.2394952669744,533.838832386496,423.3316484146544,270.4122110814881,280.2303703838757,300.5746873718194
2015.11,359.4140282487291,630.5861772155617,829.0259806159546,623.9056200912953,627.9390981144134,1022.9817951821118,1161.363158930464,762.8883195851889,632.2233892361706,454.1517590337166,294.79897187019606,325.0100379314849,292.8868561401161,324.8269250093615,232.6875340896394,367.86847039094505,358.7066193949166,586.8310958223508,634.0101027518994,357.7624259813672,1010.6184013151578,537.439158004403,428.2378194932639,270.5940928005145,282.92652043344594,320.5761521455385
2015.12,360.4706408283072,632.9631751539653,830.1924946117128,627.8936251939136,631.030174293657,1028.6652687835676,1164.16433580715,765.4054302405915,633.3141418123219,455.4231867593826,296.735404121024,325.519760387662,293.6933087389562,324.90233744627307,232.71534107994265,368.69506250902975,358.89318958612404,587.9203757757584,634.8704672435829,358.30067406532834,1010.7906488003446,538.0336498110976,429.1840224319615,271.2516002205918,284.5801233296522,334.0016698703529
2016.01,358.846586132175,634.832212335384,828.140850559734,632.102184361001,647.092982867705,1030.81021114518,1154.90418608136,768.511550030016,633.983135575013,456.078430834006,303.827411545691,329.177943500118,303.240524608636,368.394738455534,283.394801862798,369.735167269084,374.40159676042,588.636281980694,642.149718313828,358.005792356709,1021.09757875988,540.604623222509,434.465183948569,301.593612529857,295.708722516429,333.077614652634
2016.02,359.28254779689,635.529175550784,829.043431042532,633.458119252463,650.81388754507,1031.16518155724,1155.39231116897,769.482428824663,627.392319579333,456.741389849873,304.778965023576,328.589869729297,303.60318531194,367.951485855696,284.349090062623,370.076846777617,374.414357949658,589.253738168791,642.604232031726,358.036049452723,1021.1690603888,540.841327651926,436.652945608834,301.331532832132,296.204828189223,346.37069001156
2016.03,359.804316776882,636.960598117967,831.975258432522,634.239344854995,652.846216840245,1032.9022572438,1158.99735671863,770.251291178183,627.88256831506,461.228134848746,305.862851405124,327.286512903119,304.122760431732,368.259093243587,285.357978057192,370.523471248147,374.614900651029,589.330689048975,642.602258527857,358.23114358487,1025.59528875097,541.382118014993,436.717501973895,301.120970277289,296.985317418985,349.129994603555
2016.04,360.474790982324,639.374793154785,832.641711459725,635.285138738356,655.307068251195,1035.59976863575,1173.7550599611,770.876277426449,630.584167563537,462.789487233745,307.139874767054,326.548128135594,304.54573985037,368.59937436992,286.588882553521,370.96090329507,374.703601278054,589.601012215068,642.58903242911,358.877490753782,1034.05738789109,541.704311622638,436.61429065698,302.825800796656,297.005410561228,354.057010112209
2016.05,361.59009604308,643.509353230962,836.136479374699,640.730218174886,660.419136704713,1046.94184174903,1187.4192205966,776.414610853322,633.030004055849,463.875084976512,308.75531433619,324.949034730997,305.037745849131,368.53353232621,288.028102816383,372.043047361703,374.793058446647,590.781465048758,643.728364132566,360.195770018998,1077.0130389575,544.578395073938,438.925142435013,302.81678783984,297.015364111929,355.825924814743
2016.06,362.854625570099,648.368457531756,843.876366388538,643.728289317853,664.748395971475,1061.1981295994,1202.57397043794,782.926177085592,639.129457019936,464.978564652145,309.950342221577,323.748018862594,306.200201556764,368.788326281047,288.144178980347,373.077106322461,375.121625670901,592.090628120268,645.223046919342,361.227899108477,1133.55263833308,548.543590713625,438.943273370914,304.052841999269,297.30334644687,365.880546848706
2016.07,364.628584354898,655.242429271636,853.133750565006,648.473040257603,675.442075406242,1074.57904343577,1220.18536654548,792.755065178512,644.486385952869,467.350295724368,312.55048514803,322.363204915423,307.623356521649,369.285788248404,288.66038934776,374.331706855689,376.148551372053,595.579101050774,649.125461023684,363.54086310076,1124.48744825234,555.14483259133,438.338779416638,304.820997785062,297.505162710304,377.104151709791
2016.08,366.675468828347,662.460555774882,861.2828949271,654.78367978415,685.104078130892,1088.65956949207,1234.92537996535,803.820402899082,648.58233400289,469.907175933175,316.072382711889,320.993590293026,309.239019009154,370.800988938937,289.014209222444,375.930327023452,376.914312393844,599.093318829624,653.136305196943,365.869453593637,1134.91634440963,565.573312321563,438.534635340711,305.640926558262,297.679119310024,389.593445139258
2016.09,368.704927531886,669.669236422782,868.585524300114,661.384128132333,689.948055572351,1105.83882977645,1254.23345781731,813.555640033386,654.95387818897,474.713270246097,319.2677134366,320.23052158431,310.535307278981,372.144671654181,290.626231796534,377.407115726827,377.463953380157,602.466574648305,656.50223984634,369.537082437838,1138.58226263603,568.724119768831,438.67504238072,307.119535711777,299.061629460866,395.03599847968
2016.10,372.155462679772,680.338772411058,879.363979255641,674.670372776815,698.542131527903,1125.63128642857,1276.78838711556,830.10920889604,662.887132635152,481.713615569504,327.286850860901,319.627084767627,314.020469541288,373.980007925424,291.397671090447,379.716880147969,379.540526284391,607.692187376117,663.360481219214,372.842891216849,1130.91948041509,577.018165072839,439.41500854668,310.094403892439,301.167804928971,401.152809332892
2016.11,375.238348710197,688.625482564205,887.996137815324,684.987548663795,710.039813643193,1139.9982494913,1290.40527408778,841.328045838534,671.88064565017,488.019091508103,335.057891835609,319.011772880056,316.259015208606,375.953322000385,294.143480554699,382.163168840401,381.265467426793,612.559778183269,669.245197916948,377.284829795896,1132.99939648842,583.22979597852,440.235559160085,313.824209289382,304.565664103389,416.227724707118
2016.12,376.25215148649,690.527960371553,891.301566000258,686.387296038681,712.849323414469,1139.43470196461,1294.51226975214,843.939777625963,670.778255376448,489.274787004946,338.817966594343,318.540569411724,317.018397771588,377.325034162218,295.150077825955,383.085376491554,381.581873000416,613.653637426223,670.098181362865,378.329335543096,1135.69686969406,585.491269247549,441.561666340397,314.974805451255,305.707503403745,424.539295286301
2017.01,376.886409823366,691.843243660448,891.72657098081,686.975654948855,713.49027448823,1136.65217879534,1301.30024058132,844.969908964533,671.800980087595,490.883553884553,342.208320387309,317.769570821553,316.994758973268,377.367386620572,296.020689019398,383.612358905714,382.235943419383,614.192318675642,670.61519917558,378.014194079088,1129.66569856541,586.590775200783,443.26772355061,315.212956433708,306.290447749923,427.216617473161
2017.02,377.382111067628,693.146456578895,892.528887331235,689.587398807771,714.512864020329,1138.17651446631,1303.44940046323,847.767169529904,672.41737018494,491.746117137628,343.740041322474,317.337336164197,317.375003212186,379.012299265144,296.014241678596,384.020841267574,382.902311583836,615.645736657718,672.095798921555,378.58247317451,1124.80590184202,586.713226980664,444.029154602622,315.689826368304,305.763056434639,430.730756938928
2017.03,378.12598811925,695.185094688637,893.74904460116,692.523270887927,715.39894225035,1143.33604765482,1307.08533083516,850.155627047668,674.793991578837,493.180123504922,345.499190271879,316.936086697416,317.766941565759,379.593187271387,297.77437075716,384.685212264569,383.375386979345,618.444387724589,674.11180502857,379.296087686204,1125.24213116277,587.529706978249,443.081224195171,315.841913859971,306.005967807106,431.213494457266
2017.04,378.885516556684,697.643935221039,897.258104780382,694.362047595333,718.108091357438,1147.21455630409,1312.00816934255,855.585747476032,677.554893110009,494.962547574935,347.195114036105,316.709408926072,318.596286028041,380.730787904692,298.216458285237,385.19345796924,384.030092261009,620.507086227046,676.594438758701,380.124603802772,1132.04014495051,587.199153251166,443.128589560303,315.81450494354,305.919972913628,431.696455292742
2017.05,380.304420695995,703.575126010145,907.535640394804,697.519364849833,722.485449983767,1158.75358507784,1330.12842226301,868.16114609297,691.738254047828,496.4530502788,348.76789692532,316.576237203819,319.348304624673,382.219469208029,298.906676087358,386.050628001152,384.164528495534,623.010016114139,679.51422868049,380.904399665519,1144.64435810039,591.690400020182,444.235250139203,315.646381675344,305.922199082267,432.396014729676
2017.06,383.191831348992,716.249087542785,925.23473744267,714.912792988201,731.098410230228,1187.20736699269,1364.57934022492,888.055715844237,713.832844845585,504.826689435832,351.004536936387,316.470480875949,319.996084454513,383.323788396489,302.967697901468,387.810533112452,384.774363390036,631.2130606555,689.828822092924,382.278072156283,1175.98794696274,597.733296363841,445.471802247025,315.725792526198,306.874879550057,431.743090516261
2017.07,385.550653434108,725.295111477961,938.997282606049,725.834988110681,738.425640355604,1204.02706905046,1380.46619185901,900.07633158652,715.982081699329,519.620251286459,352.523656561141,317.230484851855,321.544519788345,387.311232699119,309.198003866804,389.694633833034,385.409234935336,639.095982047934,699.378237240591,384.362038297966,1194.62743754546,601.114745063054,447.866713706488,315.904273239785,308.050332188319,432.646896276002
2017.08,388.902805978543,738.655397249328,962.465657606533,739.200849701924,752.088280563857,1239.37024357167,1418.7178449159,922.974564969023,694.611907444575,533.080242521478,354.20129413344,319.514765011359,323.35494955639,392.859043917121,318.713654618078,392.224547558221,386.736214816181,651.770625692459,715.155815277798,386.122051766628,1215.13037820694,603.690549925291,455.912746957674,316.469598692601,308.959083955942,434.140184600678
2017.09,390.056938802719,742.380616036092,969.381268699698,746.142381570756,759.050534655499,1243.65402583226,1423.25713606086,925.35452370635,702.889540947246,536.094655730502,354.527523974839,321.3624217084,324.352010469524,394.803816587162,320.287051737944,393.758431736376,387.574112967042,657.967420880144,722.687185479729,387.366119692749,1210.26810775739,607.590502887255,458.741866011019,317.18166097838,309.96545399019,437.48418540721
2017.10,391.616078404119,749.078180239594,976.760110073977,759.079772570452,765.746421011342,1257.01022029267,1438.92452300686,939.728079258342,707.612007468367,538.43104805604,354.698585493617,322.694992697928,324.842723221297,395.606824625124,321.614882163815,395.009165998902,387.766034151434,664.308312623438,730.389339074647,387.959552068839,1212.65095244279,610.725452696399,462.809921522584,317.367375533398,311.887622840838,437.011563934254
2017.11,393.476658657948,756.985020058269,983.475621387899,770.706056382497,774.016421972283,1274.82672430999,1458.46395802949,956.895289514672,716.644947838575,540.049019447935,354.731581242104,324.410201096563,325.548401758971,395.911998793354,322.07919938577,396.388704351204,388.47951456778,672.890527902215,740.598709622366,388.330213477471,1220.86289129873,615.484301269114,465.700843670186,317.372677141906,313.550332899093,438.059494053695
2017.12,395.767163652996,767.80154516784,992.626310623479,783.810427218147,782.85472994703,1299.49044802119,1498.07389619933,978.856742060022,723.420615300702,541.504556617595,354.646858881726,325.210342229492,325.894020454456,395.691078741515,322.116577378526,397.771700447654,389.198501956356,681.828585219001,752.069740019927,388.538900280012,1252.24207042698,619.197384714583,467.531218703085,317.372677141906,314.43414520989,438.418145941526
2018.01,399.528504765435,784.699487790932,1015.62350273788,814.521679708344,798.518701657142,1333.38892452822,1560.35293239522,1012.13297927982,739.765069263217,544.093067466062,354.284956745727,326.688744816203,326.106987030552,396.948598860424,324.388848291055,400.534174056402,389.694506338329,704.934828166355,781.672621902864,388.728961049576,1323.13477032057,624.07431392803,471.326412099935,317.34965454407,315.77855609994,437.803085920959
2018.02,402.819547179591,799.796267059927,1035.37831445362,838.68494634662,811.162598876896,1371.57151760626,1608.45950295685,1049.53254213267,749.353401316187,547.052850429324,354.273158372812,327.775699524847,326.198723811359,397.105795868836,324.99405783727,402.662446112789,391.775180567441,721.370953702876,802.663641999058,388.861717388331,1356.72499087775,627.191106881412,471.939918060023,317.960731660468,316.244269452502,437.761567888111
2018.03,407.8518999418,823.345985098157,1072.23229450344,874.435732548592,826.953656055292,1427.80374899995,1674.03037827105,1098.57455016173,785.944318256284,553.55503532816,354.068465806302,329.706651247403,326.500071805533,397.774348867028,327.439628480354,405.70501989164,393.886633050629,741.984367364793,829.009021618921,389.357447765601,1382.19335206839,633.0554133602,479.770592606144,319.524359686944,317.140945500516,437.662370839339
2018.04,410.893298422573,838.050382989052,1100.64372788584,894.483915300871,866.516640276799,1446.3647159203,1710.11747680404,1119.88329946113,799.254181872927,558.659957294168,353.475227042655,331.762756280844,326.62888183411,398.562309288495,327.940759236817,408.228552236063,396.109973933585,756.16396512989,846.123216019404,390.012808943315,1396.16441441431,640.73619442346,481.22515475757,319.623965113627,317.624068430738,436.235563013218
2018.05,412.180586117722,843.724162291695,1116.75281847873,898.939113863105,880.510949918869,1452.59007051264,1704.46165003689,1125.09434862864,802.461933636636,560.632001862376,353.182397775653,333.35682409754,326.772747182709,399.089188553735,329.516727651666,409.352812390697,396.914391105849,763.503020149709,855.282440041676,390.74715800008,1398.77595152906,642.89207890292,484.20946440506,319.356151928016,317.520635268792,436.676533220058
2018.06,413.361472490155,849.369249877093,1130.59219669987,905.270541460713,890.031528279786,1455.5139993603,1710.22842097455,1130.9835590522,808.657131230311,562.451417794652,352.566916962418,334.172548489764,326.737361078862,399.089188553735,330.539234110395,410.393933523771,398.580140693508,768.764675596036,861.225104666901,391.084560020738,1400.36162913349,647.651401446358,486.360269516269,320.979657752996,317.791079615153,436.638433804666
2018.07,414.766915212273,857.095822592114,1146.02183979212,909.420983988355,913.505137013601,1465.46192882163,1717.60174514214,1131.23064908861,815.226651051705,564.972426774121,351.415475293101,335.01654851783,326.624847964211,399.628580666132,331.346789997323,411.446998820218,399.560737849763,772.835634924748,866.090506118585,391.105759930241,1400.31131828299,657.919252967732,488.662441712914,322.356962245603,318.207824484756,435.570669133189
2018.08,417.653450507344,870.733251083185,1170.95538573687,921.416581753173,945.160286198249,1479.80832508031,1744.30552594558,1146.31743912454,822.485882452815,571.583559260401,350.075564843461,335.610726950382,326.728741179562,400.507652037214,331.833851813719,413.729421910887,400.173184781786,780.076674114034,874.280689282379,391.280425923963,1432.56061289628,691.490311253633,494.920191095553,322.988786931403,318.342656260322,435.020936170343
2018.09,427.941763976408,914.181997119726,1231.97920836611,971.062866835617,984.850199281477,1567.64017518843,1811.53771090585,1192.21167002534,855.574263757711,608.543138773592,349.438134194369,337.514707842325,327.239102904029,400.495249358478,332.801944413585,422.976303956439,404.346827643609,829.754593379942,935.08082561219,393.710947431169,1505.38324722636,758.588193762835,506.483142760503,327.598351740796,318.969779602593,434.992803632992
2018.10,433.674628704122,937.500505784155,1245.98497886949,986.735718115191,1002.41916720272,1601.94239505969,1825.44928453627,1216.44844032515,877.094391217207,633.347579927493,348.163859115645,339.08614565714,327.838423988952,402.224747166098,332.95423399394,428.826450945899,406.479576749663,850.893230442486,960.263979811317,397.81603304524,1513.60657638385,776.065679795061,515.208623455213,330.759865541563,319.80082608247,435.469666524131
2018.11,436.006020189339,948.410116037964,1259.1230261363,992.303276624788,1010.37704003445,1615.16599067871,1833.20301441973,1221.24996047727,892.750890419517,641.995391014402,346.852241357747,340.113484540435,328.183466458708,402.540189652573,332.633206866604,430.846623033714,408.367398149877,856.237612928217,966.552826713168,400.092497751782,1514.96671973236,778.445732234052,523.084791097037,331.045819054313,321.424220036493,438.119143164711
2018.12,436.70811896747,951.381174837545,1261.06941004367,1003.59424857795,1013.01077040957,1614.60262257767,1831.86812615409,1219.29243092315,896.484784086227,645.266016063351,346.465426111349,340.89323301368,328.183362444574,402.27895555712,333.284969177022,431.114717521657,409.087269761403,856.154291243688,965.607048340943,400.779765911448,1513.69392612586,773.453577188147,526.346504985489,332.457605928794,320.787141578497,437.998551152224
2019.01,429.444917268095,939.199226681709,1261.05525250656,1009.76023877454,1011.79475552279,1569.61311971329,1801.03043519023,1189.5490490039,891.646239843474,634.488786288675,344.837095241288,339.021569179888,331.017052935237,409.429180459405,336.65617209526,425.620407763874,408.424310183691,827.555585322134,947.426939898558,399.60660131273,1355.54695099717,764.174929565969,527.305820235424,347.943760253734,320.607043780748,435.318260027499
2019.02,429.150396625546,938.451483335725,1262.2142579667,1010.63567176669,1011.07378442119,1568.34790191353,1790.92084569414,1184.66573833516,889.608725245559,634.831308540915,343.581431027278,339.663245651009,331.32367856867,409.745029610354,336.262201933919,425.588771972397,408.712863702648,827.73638626407,947.455623566891,399.592229027049,1352.11639622902,763.720327461619,529.979049925307,347.672043858895,320.824781319711,435.244934409362
2019.03,428.372766010458,936.421265356217,1264.02997189588,1014.01622373078,1010.20418573676,1562.17127606296,1773.59336374183,1180.7204164388,883.396281999759,634.502307074355,343.00853237974,340.215606389262,331.309709524815,409.257294333804,337.085546240347,425.054732420805,408.903287206071,826.402891432909,945.31538349338,399.662431819238,1351.55142447761,760.41465025735,531.207487021761,347.328908143899,321.088274229518,434.788201025701
2019.04,427.569346332574,935.417284933674,1267.19199257541,1013.55348392779,1011.05072505652,1555.1708912389,1759.76122432808,1176.77215980489,881.266230454806,637.016185920026,341.434470242406,340.176742139481,331.194142522686,408.014607866873,337.563569720063,424.203802066445,408.96445712673,824.77149515927,942.794043312085,398.248913851465,1331.43601125988,756.755810015263,531.887248130675,346.239323684366,321.033997176413,434.640794179148
2019.05,427.161229158116,935.557639643099,1268.69465788661,1014.61594740446,1010.06914374958,1553.85804834738,1758.24025469651,1179.33607058456,876.474993338547,637.20000622234,340.700715163715,340.186419465152,330.468441253953,405.942057958305,337.452250425022,423.607273014373,409.388439849433,823.010472297756,940.328304100051,397.951565795928,1327.13129844954,755.361301115965,530.504790906999,346.089306129059,320.741416764619,433.238516475568
2019.06,426.813747001032,937.25281836014,1270.71676439956,1014.30998930942,1010.71241953362,1556.45817530765,1770.42270789616,1181.44033538882,873.89681882721,638.234259565891,338.865653520793,340.725057806477,329.782301042368,402.475017189521,337.350406676376,422.976667722696,409.606014656472,822.885440125618,939.280098081675,397.38358959291,1338.10078042528,757.256336616502,530.137962916176,345.989286448829,318.577167727238,433.457963912207
2019.07,428.449008941911,949.06047803364,1277.1893295654,1027.00373285913,1022.77968420155,1577.11385704897,1814.53814415093,1209.58350765315,875.775606268334,647.014997168169,337.63298733499,340.881059573462,329.640195762054,400.85779624693,337.480179754102,422.878798246888,409.750192796018,826.047877640197,941.928043664351,394.72536474734,1351.93597975855,761.108769445162,529.920626688832,345.25358773327,318.731622089889,433.357628257146
2019.08,430.123781174016,958.969979920591,1283.72576740775,1034.33470386064,1035.15215504595,1602.92463439336,1853.08327946513,1220.30972013712,881.796627457221,654.096800375652,336.229766650941,341.151545120336,329.690710670414,400.621920326865,337.50600166224,423.58526826248,409.84025830131,832.477867610743,948.431569159734,394.616246608596,1368.36739530382,766.267965920163,529.996328891122,344.718085230027,320.011568715059,433.742111680279
2019.09,432.067800781171,969.005791557986,1288.64719855477,1048.10544795526,1045.15310445161,1626.09686871889,1886.25340946485,1234.15113475523,891.220174025649,658.930334688791,335.584794723616,341.960774407624,330.195375742193,401.719662314918,336.763655088061,424.172329358694,411.048215849056,836.888700775913,952.876013766849,393.867459393882,1380.48475015309,769.302153749362,530.335915831358,343.344291205921,319.989365711615,431.819008009782
2019.10,434.631735006544,982.192148534156,1300.82845551771,1069.57398825525,1058.83680621963,1646.45735839825,1916.39211819604,1262.92881852258,905.730912711481,664.033770893418,335.005752939762,342.507331631023,330.491368541147,402.375349855441,337.719243741084,424.999303705996,413.093749091783,843.132522530341,958.606175479529,392.940984949571,1398.57123556976,772.549501030709,530.679126541447,341.711592348388,320.045288258176,429.399539707552
2019.11,437.089090483826,993.012809941953,1311.85277428392,1081.92129564987,1072.24810515881,1669.46104872374,1900.06209656054,1295.98147618886,923.677727429706,669.798517937951,335.170861571497,343.688032449127,331.136093101984,402.531881940274,337.851064284369,426.410990481297,417.124842547814,849.895650864319,965.494805663707,392.535485103855,1423.08479986999,778.669088814778,533.900696184025,340.332952205673,319.953961445796,428.498875587548
2019.12,443.425114164075,1015.6582801823,1338.77952991512,1110.06707793828,1096.39051051841,1702.49749151835,1950.17522805185,1339.72538285089,957.251886942611,678.569410860557,341.064865727772,344.907620444188,332.086388751383,404.129567350326,339.348556157483,431.428224137081,426.529323425605,869.65594353566,988.396807117717,394.817127957905,1509.31914543358,788.991172699555,538.657175450509,342.4775560574,320.316348401968,427.707917338339
2020.01,448.065536864043,1029.99441100326,1355.0662078103,1132.38930375643,1117.41426743009,1717.75545020323,1978.66386609872,1353.25122667019,970.047618278659,689.296389721261,343.011773641207,346.133540234153,333.122466660348,405.766980167326,351.381826610194,436.51996779157,438.284408130314,883.170463649976,1003.31641466954,396.402090103631,1590.71493450089,796.855238187356,544.302204070305,347.790376183613,320.724851904711,426.978399086633
2020.02,453.26441958645,1043.15820191105,1369.79749876984,1152.70983690012,1124.20847825474,1735.23924567493,2002.01258286253,1355.22683570989,994.350537124231,700.931100329238,344.131431151132,347.550573248102,335.690244150585,409.296184274257,372.196045250328,444.3487528527,461.12771197792,897.237649650151,1018.53706243921,398.163211549519,1614.118094236,804.856867086995,570.3764090477,361.728811501426,321.169921383597,427.75168892046
2020.03,461.080741640519,1060.5424715962,1379.74595435669,1179.15670671967,1144.6314185962,1743.8122951088,2009.45625438264,1366.41452952046,1010.19695263458,721.625328241773,346.167059398793,348.808284894648,342.913896924914,424.076207739789,395.786616721626,456.783331550293,481.340970060513,922.220930433143,1040.04894440925,402.769833351031,1613.9888546287,822.858076372769,596.438172012397,384.40763545874,322.150809082034,427.477385866885
2020.04,463.479794527644,1064.19614151225,1382.3023610946,1185.90475253086,1152.69138723708,1740.04140477206,2003.82483409233,1362.84119636618,1017.1828944456,731.270377991445,347.47789699119,349.241891619675,346.637953710929,429.90519796718,399.453364768449,460.995717953611,487.511049692832,930.009630597808,1045.3068231184,404.300065342795,1610.97171517385,826.022789900697,611.633795934927,390.034756593946,322.243295815652,427.365734993842
2020.05,464.686453162513,1065.13343169279,1383.43988644106,1186.49498004097,1154.15982818404,1739.14869111799,1994.88261132245,1359.17821557261,1019.10525166554,733.111501853683,347.531735706432,350.138416769438,349.969308855645,433.148233189773,401.59743102901,463.19294939286,490.007672939994,932.018730725221,1046.448520676,404.53738629855,1600.67598584321,827.983084510013,616.299584045525,392.835715486307,322.235111309599,427.111770589117
2020.06,470.382012449827,1077.60199934262,1387.10825767559,1198.95266902072,1172.70134028684,1746.24433265728,2010.53954801395,1363.20597155789,1031.03469685585,747.42337620279,350.26467090532,352.346530833613,354.767525634318,441.12215082357,418.496393482798,470.361708155862,496.916517969485,942.555358896623,1057.81974847471,409.198651677025,1602.84832569957,841.883508565831,632.893104842078,399.128093373692,322.315972606833,426.839040381798
2020.07,480.672975289398,1109.18067131422,1406.29283508257,1229.92309511551,1197.38835811067,1777.94087227554,2060.81756816968,1421.45900632233,1057.09464638479,781.915706749483,354.479106587441,355.387927421524,358.729615110759,449.474225193711,445.210861029854,482.14978265412,507.307353048352,970.472237823018,1089.87770012787,416.937151845387,1621.31255078719,881.867921693231,653.001627870908,410.0077722107,328.689553998438,426.776701356281
2020.08,489.657394794363,1138.62309982334,1430.81519484859,1263.63179034214,1217.9312041242,1813.20669880893,2097.49848438924,1456.58400886649,1089.45174547831,817.299656804485,358.522205885114,358.721866986981,361.669113936404,454.706851423228,481.251460486722,491.265003121713,514.167718261759,991.881936770694,1115.58818133768,423.398270954169,1652.22238962283,912.087161997472,677.440975376352,415.644289537186,332.998593753936,430.87770851371
2020.09,499.286107361887,1168.75681703773,1454.31683499957,1304.10962540267,1245.26640158312,1848.63813956219,2143.20700213402,1491.9904306207,1120.58948886121,847.430389132974,362.759047883777,364.479060502198,363.818987375608,460.01118983125,523.334472789742,501.129420217027,524.762986856764,1009.8168136426,1136.29004873428,432.105171803113,1664.43911911687,952.810077081629,698.34883224748,424.514972768442,338.309555946978,431.359629682144
2020.10,504.733994714435,1182.08392628461,1466.36096345735,1324.64401174416,1256.99853121289,1849.10588270714,2169.84778352876,1506.09370127185,1135.94464517212,862.085578731365,366.4875903336,368.492729509695,365.374433392641,461.454332478086,543.922048686606,507.740896823612,528.127897288618,1031.54745693432,1161.5213620455,439.12589473751,1673.09647116175,967.822150012942,722.965871502928,429.774215616447,343.696715114261,433.067605383798
2020.11,515.88601570115,1203.84634882945,1486.11012230566,1347.72117266789,1277.34244030101,1872.47042898318,2184.43707105355,1540.29829748167,1161.59129910633,886.506722384979,386.037888062137,379.649693834735,368.087500919476,466.238793477613,558.405851911317,519.962158466725,537.433290938411,1060.80184200218,1195.82273013977,452.841673512138,1673.32563566336,978.937686183325,740.727933355252,439.00581704249,385.703159486259,440.119599068619
2020.12,526.899645810428,1222.09333809652,1493.90528805026,1359.20053175149,1295.0321524884,1889.68908305944,2215.95740306862,1565.53215970001,1191.87095707087,902.516873233222,404.531216027821,391.58134023794,372.518159256212,476.909195688242,580.047056616158,532.282715809661,545.938832971496,1089.32721540251,1228.33170971564,474.236738672396,1697.18211509408,986.653271216828,753.128423218273,449.17133107716,400.282585443703,445.221289032852
2021.01,537.708311445038,1243.68073713172,1511.93240406898,1398.20217159,1326.08906495333,1927.45205718313,2236.46664708051,1596.2313173619,1221.1184320452,926.131128912271,415.793605511127,399.045344023907,377.814043404979,490.460702867812,605.487572391262,546.825450426246,556.130645060794,1118.44601031307,1260.38486577986,505.754290072383,1733.92106184785,995.555847286388,768.200980266449,460.609340078802,415.945384264618,448.712225808411
2021.02,550.989825242043,1268.73039911873,1531.37217085771,1421.59939515141,1355.80658216215,1957.24932280482,2266.41116460909,1617.68392209537,1248.99032989175,957.793657724247,423.755715437832,406.609749417628,384.442859819335,503.360262349559,628.895619219926,568.455527531861,575.009042512163,1171.09729909761,1320.52285564167,539.851619923356,1805.6656232576,1026.04797585698,807.170472000151,473.645568106987,435.609896158582,453.437039661767
2021.03,562.877458966856,1290.63766782284,1555.51925384832,1436.55416582087,1381.76706688604,1984.71897403244,2286.79669894398,1643.62639299538,1273.56614041236,983.61803647384,429.233450918557,413.835295697684,395.777133477566,521.068023325822,634.063405417432,587.435307245812,597.566002509561,1194.99246807888,1343.02663927638,567.032981363689,1811.95287599593,1047.98190242394,838.837852548774,486.994809915073,452.063598735978,461.440196499593
2021.04,571.660929739336,1304.17521804203,1570.64363052809,1466.59013763518,1394.97525743659,1994.85794688882,2299.97139344459,1655.25378461976,1290.32132824374,999.79445052763,434.321226728184,418.807029527374,408.695838209621,545.17769864622,638.75788196334,601.751790025676,613.810692514949,1218.07138983938,1369.5833169527,577.821911272605,1826.18056775128,1062.852646947,842.350627282776,501.49994022732,459.294683456303,466.371639412625
2021.05,579.470846126226,1318.35246618439,1582.96726103134,1476.78328136103,1411.45357463678,2018.13837430942,2310.20716635841,1680.10054125719,1305.28941090859,1020.3270355369,441.269447952376,423.564484455971,419.796976189588,557.732011789078,641.903871261345,612.676181540602,627.061730391462,1231.44427880025,1383.34500498635,584.523059050517,1884.12081381312,1073.25064836389,845.807163517499,511.511705199984,462.864884294778,475.527270636817
2021.06,591.243601317068,1340.85064764221,1604.91865859334,1497.38689362808,1433.27644274472,2073.90218315312,2334.76379759593,1699.26903843183,1328.20765604432,1047.92361229633,451.536821805774,428.108007742859,436.602939216653,577.967008138846,643.872638111776,628.994491776194,650.403425762927,1251.81913900031,1404.27882194176,595.875360482663,1913.92408228559,1087.87133336352,851.165474705012,527.162012564744,467.296680536848,492.11948076335
2021.07,600.91880418656,1358.26697673174,1622.28454936917,1506.5045277097,1451.10182985356,2096.6820650302,2356.02803648483,1724.86499373339,1342.40427967145,1065.28319931005,460.054940653695,430.938849663575,449.22030200054,598.629048263037,643.730170948975,643.150602694374,668.310799293878,1267.31532913045,1421.77153786769,606.2591719863,1933.12301688127,1104.05147413157,856.493889795451,541.519483083247,471.252152777396,505.178870128839
2021.08,614.160072026796,1381.97692932279,1659.8421041878,1523.33817071401,1477.61728195661,2139.41035309141,2388.89754645143,1759.64151853807,1356.21628978016,1086.65581879935,470.578971093538,433.61193854952,467.287576754796,628.972503478257,643.250298714786,662.420104626227,694.745630889007,1283.02516065125,1439.31787965989,618.979690461951,1967.69576274303,1131.52045418145,864.485143331311,565.950912675241,478.186684324228,523.674216258597
2021.09,627.405907044427,1407.34928871659,1694.86252036065,1567.03272827638,1492.52718283776,2180.63532882647,2423.06504681433,1786.60353451299,1367.66836323767,1112.03308285314,478.523289317831,436.682387014599,484.316354007374,663.006800216138,642.541505232059,681.739451070482,713.521460071775,1299.41918067583,1457.04671051839,631.359198602451,1991.21449442048,1160.46182113616,871.390411887505,598.529032529759,492.413201906786,535.727754044851
2021.10,638.0681256355416,1435.820350973272,1712.34251071448,1589.34489517763,1503.0447446482,2204.10596586111,2449.59404249724,1815.46170690012,1381.12216454487,1121.27152885358,494.2453514542648,445.2658696116792,504.4180432058992,687.926798816274,688.1111641856472,700.4130808563856,736.62818805742,1331.012744540664,1466.17292310183,650.6970788819608,2005.36088090878,1177.73269502319,876.402072350721,612.257887166403,499.661263641507,550.835606078206
2021.11,651.0249942266562,1468.995938229954,1746.03977636904,1600.37061287252,1522.16025482506,2261.94966241795,2497.42443646569,1833.23965171313,1401.89596212071,1124.72213080008,511.4825385906986,454.2699522087594,527.7869074044244,701.476966622274,732.9019481392354,721.7238606422892,763.1630410430649,1366.021908405498,1477.0500285647,672.7462591614706,2041.03411670331,1187.02267660254,885.607419775243,619.470632712362,509.140690336236,580.384399238948
2021.12,661.5526206699922,1495.2412786724651,1764.24152064087,1601.80508642165,1524.08966824526,2291.53605648363,2513.35676418039,1841.76438037256,1415.78907988144,1127.40805730376,524.922778943024,461.0143891565696,547.0087805533183,718.87706408868,765.5652111044266,738.6615204817169,784.7850307822987,1393.2654063041234,1486.28061969952,690.200319371103,2054.53897535431,1186.78724657788,887.271046788104,621.513836358025,512.069288419255,588.997549488963
2022.01,669.8427655024941,1515.946134004349,1772.45297881931,1610.24574847402,1526.33778056751,2304.68488326378,2526.75013731157,1851.05255384209,1417.78601228052,1129.59002109826,535.333809207268,465.9511918674272,562.0195354149887,721.164919982591,787.3121583283199,751.6692153612877,801.278348086724,1413.9532047280925,1488.68979284524,703.6373145283272,2057.84171459401,1185.50806900272,887.764467840736,621.846461579651,514.487644484447,592.069531075397
2022.02,678.2941436683294,1537.226822669566,1779.33486496648,1618.20750117729,1528.32586379777,2308.68199959313,2532.08376333622,1852.43773099794,1418.35145499852,1129.73737733612,545.9356728048454,470.4710612449514,577.5786902766591,724.861191534764,806.0143388855466,764.6654435741918,817.8856987244827,1434.360636485395,1491.04845737006,717.1139430188848,2059.49605604955,1185.07899142245,890.01777241504,618.868118775222,515.598507833394,596.038057466168
2022.03,681.7106549346636,1546.1560181356529,1788.5125265857,1621.25475803667,1530.5400770608,2316.10632380636,2539.26194235226,1851.09397175633,1419.00975332713,1129.58297638662,550.2620582438763,472.1148689959612,583.7372522213273,726.62048552399,810.9572911084373,769.7199548593535,824.0875389795862,1442.164789188316,1492.55038923382,722.4732944151078,2058.75451296162,1184.85266719942,890.062427987146,617.124866952622,515.535126879804,598.905321763484
2022.04,684.4330039477309,1553.7622345085224,1793.36401204047,1621.66105895125,1533.65853592889,2329.01637768974,2549.54455690548,1852.79655359753,1419.71138740093,1128.85311017873,553.711426595101,473.14251519676895,588.8219417770619,726.753065696526,813.2106528867498,773.5760638874827,828.7292911836689,1448.7712713506528,1501.64141314596,726.8572755320863,2058.75451296162,1165.94854434287,889.978514688825,616.698666565882,516.14539247453,602.296618257158
2022.05,686.7141031581847,1560.849027606818,1819.71111828368,1622.84335797308,1538.93154119527,2355.06159902182,2554.57158153839,1867.32022796082,1419.74280601079,1128.129086722,556.5120812760808,473.4794721574152,592.8332534216495,727.881920798189,811.6773823093998,776.5715311099862,831.6238929469351,1454.9681170805222,1509.10687624999,730.6672004256691,2061.88941908643,1165.59302441951,891.540183790064,615.150769740706,516.569249006178,611.651307618107
2022.06,687.304082947639,1562.8918257663636,1845.73990958453,1623.46804663011,1543.99973396186,2366.20471424244,2564.61978519625,1867.56183245911,1421.09527406492,1126.69730676758,557.2683758576754,473.3981006802542,593.5163165268729,724.659625224181,810.6188301554398,777.2729157026538,832.1365400838062,1456.4836359418207,1512.97847249583,731.8373937306245,2062.24814283354,1159.25600394701,888.876072391173,611.700187282145,515.794927856068,621.587577493367
2022.07,686.072324084463,1561.6091307152726,1849.41015057,1623.72443958483,1543.83292033441,2373.89963297861,2575.82781776992,1863.65579392092,1420.09789313861,1126.55135423839,556.2483308004971,471.8343539682372,592.3665954250813,718.611120415212,806.6214481450771,775.7964346558102,830.2602174115524,1455.253560212366,1513.63185325184,730.7782074819162,2060.89517581034,1155.64043676096,887.959136198391,606.937977190528,515.613733501471,622.72889256152
2022.08,680.0057447354759,1554.20650267576,1850.23118704632,1624.41155926089,1542.15136134744,2374.20326083687,2574.55433829935,1859.22605518528,1415.053284089,1121.50900419024,550.5303517961654,463.0970482091884,583.216527608475,715.612497078034,785.9870333774533,771.06938460905,818.2896772088017,1447.3925362254392,1512.24275571748,723.5142859936788,2055.1391978475,1147.76809677282,885.382628465787,599.991296218057,514.601192536081,623.225449659004
2022.09,673.6038086720085,1543.2399252167595,1854.56175136845,1623.5958745529,1541.88910214894,2372.21684558031,2572.89793771457,1849.30777431364,1411.34643758683,1115.41185757062,545.880429414477,456.7504613979305,574.720541598489,713.774951530451,761.4252167107688,761.2686308267113,790.4318,1429.1022,1510.18728381757,708.6342,2037.63326084091,1139.68098675566,883.327831117873,594.17882999079,511.222224388502,623.775238870339
2022.10,659.8733990224796,1517.2795,1851.76510611816,1621.02678943635,1536.76472137349,2369.21488029638,2556.82540699837,1832.6025969782,1399.19325517649,1099.40926069569,536.647975926101,445.33167934006633,558.9079964710659,702.158595143419,724.7787529899622,740.9210716237305,767.8914,1409.5992,1502.73931572652,700.5579,2043.80520863946,1117.71600975099,877.451070560762,582.575229640904,503.929805216567,623.938550521668
2022.11,662.855170989633,1533.31466379163,2046.57700106985,1771.21850027998,1653.84800337195,2649.54279794693,2729.68383379123,2026.86043561892,1534.85889875344,1115.12267927631,544.017326672586,447.335388316636,555.471654971139,755.308345249363,706.089619148877,739.025392203147,774.498135794773,1426.48097856156,1542.82034037263,706.28470385679,1982.8768042542,1101.50063197284,1131.8297373525,726.844847703041,614.667919802525,652.468918139361
2022.12,650.388837972819,1510.04907289399,2037.34656730746,1752.58773078482,1629.26853313128,2616.08654927971,2704.91008108437,1969.12867532748,1497.48888621759,1098.1558019938,533.592985808186,438.004307551973,540.551390028149,729.232358274294,687.882035255809,721.363710128746,753.813020682532,1400.72221672557,1527.26417582734,691.115429903947,1934.70896644769,1065.50498065517,1104.5995901849,701.96860459203,595.425844276059,646.129940659506
2023.01,634.848069966374,1477.19962559019,2018.48079980069,1712.57069284108,1599.83827678185,2592.53670145627,2644.66576511434,1927.03246305796,1428.10732410086,1068.30176118596,521.728061415904,429.137918715638,525.584161668709,699.678100676957,662.817849833824,699.753112247019,727.98481926834,1376.01176752662,1502.39688200381,672.470705048406,1869.79700363523,1003.41742118549,1071.00930794831,674.937755716033,569.106800818773,637.769780161551
2023.02,625.89920400806,1458.74175088257,2012.21646417098,1682.94122969404,1581.30884290877,2559.8680099501,2606.94476555834,1909.54967336254,1413.51542043222,1050.08043908025,516.148566140736,423.630883345381,513.032611219829,677.328651428914,651.057986050867,687.948606282312,719.19991973024,1354.6371992235,1478.84848570589,657.795157649313,1853.91831803821,983.497582540809,1046.75493262825,662.287995585695,561.29185567544,633.826235417482
2023.03,617.374560613319,1439.20908026145,2006.06497424981,1647.37795059304,1561.40864778188,2499.42874234104,2596.22725291688,1899.38036097927,1407.62134988505,1026.88588769242,508.258336892551,417.405960377016,501.357561021823,659.677740128525,646.770555267209,677.912920067823,708.010016775672,1333.9725859042,1456.18476841222,643.898246502555,1825.65135126162,966.57247954702,1031.74579067002,650.058230063159,552.807796800272,624.083151880577
2023.04,609.339500630701,1426.11791537849,1999.50566379592,1632.95279395428,1542.00261995465,2474.97721809438,2586.6210018364,1888.20720057092,1403.82270487623,1016.2599706637,499.597929254639,411.017158377245,493.495030149451,647.117562703347,641.508658325492,665.161467230418,697.162651317845,1304.63754115757,1424.70798215581,628.91118941222,1815.53950925367,951.098079084064,1023.00253481554,631.319887671013,548.53597199214,620.312194964053
2023.05,604.285000025298,1410.60716671073,1984.88521964,1621.82744163008,1542.92070367723,2385.94666178263,2586.42714581542,1893.67321979014,1388.81692082416,1005.97574087099,494.517632781076,404.713913031233,490.893278183728,643.45770950173,643.500075418234,660.60232151669,692.703660112207,1300.29573250543,1414.90675053708,622.502292355326,1809.41570178273,946.809359255072,1019.64965209534,633.068341636078,544.351549923258,616.428269363799
2023.06,603.230899186312,1408.62300143228,1972.25488456263,1617.5901271993,1542.02625950956,2374.32483281146,2594.97807147968,1917.27360504462,1386.09850687366,1000.43758602879,494.759200131703,402.493307291468,492.229709730981,649.698100649041,643.731454716592,658.94385835123,691.442470506159,1300.32634415255,1414.81346945732,618.353014819506,1827.46959434952,947.309882943415,1021.29108580957,638.553089838225,541.70319054902,613.560927952276
2023.07,602.550921644864,1407.83787227994,1960.75581680928,1613.09289192684,1546.64915528534,2377.3338957383,2606.87443176843,1934.76576280781,1393.99513865824,991.095044191884,492.827660566068,400.750421925504,492.131089823443,650.030042020391,649.398420037985,658.858797731959,690.115152326053,1302.78047862672,1416.87615074492,615.329353357127,1846.86152838006,949.931031168899,1029.03987982492,642.982367284122,541.160952742644,607.548033087178
2023.08,604.354965804288,1412.33937555894,1958.77064294964,1616.09878500821,1553.0639532176,2388.5689308932,2622.47742943411,1950.79789152722,1401.7743987219,986.60893578692,491.424092055135,401.902439724719,493.09963336007,651.763819062516,653.180439468316,661.959726850049,697.649249664852,1308.33957890116,1420.88916413935,614.200340569569,1871.31715260073,960.281897732467,1037.40263325307,653.150628402263,540.983662309253,605.966791951438
2023.09,606.861994131972,1419.99651191781,1964.73364272298,1624.32842159322,1562.19013044371,2397.45811313965,2649.4724056601,1974.77805864504,1409.24083248752,985.86925479248,490.810674336394,402.453641605393,495.067814606854,653.752995344752,654.581245150645,665.253889093785,694.764083716975,1315.12787130934,1426.17242088576,615.103408804208,1944.2178819957,967.586149709831,1042.66142885213,659.204163445731,542.284465501508,605.340206756143
2023.10,608.885840316549,1426.19138373852,1972.29192035445,1630.28097894198,1566.46206978121,2419.60288079411,2662.405459447,1990.03015518764,1414.80442439485,987.702304973548,490.667183790547,403.267740212404,496.18102703595,655.709639971384,657.888771273739,667.95909544116,696.534498040847,1319.41811686692,1430.5771090613,617.196143033338,1971.0955983966,983.886581199026,1049.48906172803,662.810950321381,543.749682585312,605.426419760071
2023.11,610.622003163865,1429.74796596879,2003.77799125159,1634.81812376022,1567.44596576,2420.35770501604,2671.78534989132,1997.54301559478,1418.18842822504,984.28162931892,490.067720826521,403.127274820207,498.037308505409,656.403693119637,658.696024023458,670.914523405935,697.814274345094,1320.57365850948,1431.6177731773,618.440088637469,2011.32212241696,987.139789544202,1059.44587399573,665.652673998183,544.617746401333,604.096453158196
2023.12,610.358497344551,1428.59332483166,2010.35793357171,1636.42990688601,1567.41123416388,2419.08405224633,2665.93003090886,1991.27056160311,1418.71072076803,981.650608139801,489.06546706334,402.569626117214,498.227765696445,655.240452854838,661.046770877796,671.456103202692,698.509660106965,1321.2979131091,1432.63452434708,618.763664447131,2019.33188132527,986.663902381084,1060.41760265978,667.056892655697,544.657319520217,603.015602210922
2024.01,609.761237284132,1426.05541547604,2007.77195440834,1635.22835788112,1567.57141855514,2416.64838295018,2664.81622117754,1983.44602132278,1415.87741008868,978.526197582097,487.885640084789,401.75839246876,497.829290783676,654.719967572756,667.001121027827,671.179647979319,698.588301612312,1319.04104292607,1430.95507969667,618.42342209522,2022.48938497812,984.971016805843,1059.92953905691,667.291933824317,544.259718064722,599.757408217684
2024.02,609.133712501812,1424.4571649913,2007.28772850794,1634.57508534275,1566.59483991136,2416.65539810356,2665.02493867032,1980.80871304964,1414.42758245018,976.307983115662,486.985548369481,401.313249777603,497.531741912381,654.249260471128,666.529526830504,670.806844179215,698.474666264309,1317.97848809364,1430.29768581217,619.127622135469,2023.16808274129,984.505317455166,1061.11972468632,666.980917983765,544.56802998273,598.916635639217
2024.03,608.459598984802,1423.35988709074,2006.54879907098,1634.44060522506,1568.58196249173,2418.09201818973,2662.86910950442,1978.91538145997,1412.32564334734,974.032491283139,485.721574212277,400.328835085811,498.049783519854,656.479252441989,665.163875208081,670.041124628991,697.871008523017,1317.42116258069,1430.11778070725,618.223446864785,2024.11678043236,982.439759840295,1058.52884076354,666.825339680858,544.782177006739,597.350586513182
2024.04,608.067152209499,1423.32660547556,2011.50495042038,1638.33646366049,1570.48129703132,2431.68226169563,2663.06480780697,1978.41777738508,1410.8562930857,970.271707473831,483.837125610822,399.756956332862,499.172545427274,655.809277059393,662.41584178543,669.539665849291,697.86041950787,1316.38761549347,1429.13460746872,617.473157751562,2031.97020175419,984.072235836472,1058.68405764495,666.8164159956,545.166271952168,595.903033377654
2024.05,608.088482425506,1425.13103174005,2013.83518479917,1641.98425790999,1577.08087933931,2450.24419980775,2667.9043855664,1981.34716253022,1410.64035761416,968.408119646716,482.131715822031,399.391190373365,499.527489902451,655.140097329739,658.362945497548,669.681202099491,698.125553821724,1316.08401958789,1428.74313302159,617.090333112752,2036.99082688114,992.613307126106,1059.55582118287,666.609661424266,545.927259224896,595.88356943514
2024.06,609.0232766913,1430.14072919465,2023.2257359577,1652.2745544867,1584.17939996062,2473.89074788665,2674.77890425097,1990.87240277973,1416.56003347516,967.258308244624,481.057816134743,398.171535951046,499.920672540069,655.120575927978,655.141909428745,670.497577514689,703.935979908614,1317.35033991516,1430.15572602755,619.825133470235,2045.8341050366,992.588405976198,1061.93266435813,666.940419274335,546.346794397927,595.043103764915
2024.07,611.760041790213,1444.45783764369,2041.49185276555,1678.24855325455,1603.27392256831,2527.71299403617,2708.8663962442,2024.42888274247,1444.51179045782,958.000546642038,479.997151331572,397.10155274196,500.983105511979,654.985045588251,651.812494038969,672.81302633049,709.787173925614,1328.61326005954,1445.61528291306,619.693583601247,2101.42614254897,995.564630983923,1070.49958992768,667.044435697279,546.742939999881,593.342131633367
2024.08,615.876205826485,1462.77402727591,2056.99292271859,1700.82557823652,1629.51486017585,2576.84931939519,2757.16400775927,2069.05058067893,1484.29597384029,951.167925290566,480.204878196672,399.876079995834,503.710418179096,654.900483585334,649.955592240544,676.800291313494,717.844249653256,1340.96649031985,1457.17108889854,620.744207663868,2136.23728674248,998.921704208796,1088.87129776566,671.432403334136,548.13748987915,592.654068576054
2024.09,619.508886364302,1479.82589299438,2071.18575371831,1723.07506403828,1650.25122841653,2606.57527863195,2810.25391440579,2110.58714675965,1503.03275062111,953.823158576968,481.101426655133,401.018753702117,506.285528604033,655.361765717457,648.444009479739,680.430937370199,724.466817857957,1355.25525981755,1471.7626013087,621.648911287932,2186.51086770315,1003.86241099253,1104.04822889611,675.886322091796,549.552347258386,591.075687741248
2024.10,622.039621443724,1490.62674592785,2082.36306847855,1742.68443187302,1659.78424145806,2629.61271678403,2847.39573665436,2127.76161561673,1520.64523845094,955.553585473653,482.065937159273,402.583997057993,507.876726139386,656.256720223165,648.151588304109,683.148569614854,728.436257651529,1363.79355438546,1479.57990959692,622.278894391821,2219.43740197483,1008.2449177044,1111.42099363694,684.216967296891,550.611612668143,590.419937669359
2024.11,624.220095305543,1502.38268114149,2095.99554542678,1751.79632175623,1666.77898694132,2725.63450231143,2865.59544061989,2137.92370531525,1527.80233070389,956.123746753871,481.48876580506,402.02185072116,509.55607870154,659.423055907673,647.608060474977,684.27229782156,730.624774106388,1369.10762833465,1486.451572203,622.962535630643,2299.28593682853,1010.18549492267,1116.66811913648,686.164567250706,550.71481436738,589.78456587859
2024.12,625.655407094935,1512.99660909854,2134.47153305838,1759.19411749933,1687.36115106033,2788.6937042437,2892.79061362805,2148.60270362167,1533.38343274851,956.213288712602,479.130041581007,401.178123109863,511.86771089898,661.420109856672,640.276539519739,684.950454138145,732.310879842506,1374.90534130014,1494.47884393739,623.09979156662,2312.72342150118,1009.30474542292,1119.55714543478,687.595934976566,550.631061969631,588.57102542641
2025.01,625.524092014565,1515.70950659131,2141.47640170814,1762.37457053159,1689.11934513975,2803.51341253012,2914.78811637942,2152.0775430714,1532.89659104077,955.652484368163,478.145809037623,399.743181276313,513.39473110426,660.997071223112,639.92039546761,684.342496236416,732.367982925803,1377.8585921826,1498.53184426602,622.398625755356,2318.23069739878,1007.17871039308,1119.85660937148,687.633307112128,549.698632690232,587.615022384113
2025.02,625.703355523603,1520.10336159117,2148.47814613595,1767.6301101768,1702.70598013533,2819.4889565093,2933.00307338359,2162.72419518665,1533.02785649611,954.759853111262,476.935525450664,399.299650619722,513.83268072232,659.508992298815,639.236503310649,684.181596915426,732.178692370235,1379.88596318612,1501.41779579873,621.561973821273,2341.17554728574,1005.59366771101,1120.87339699484,687.628616942575,549.872161215099,586.481553277004
2025.03,628.603461484613,1540.69267447667,2179.43745577849,1784.55578372328,1714.23247598494,2896.81925763568,3019.03387358549,2240.36364981386,1544.67288987946,954.690113055382,476.769925020069,398.954649178835,513.994037986104,659.023928124994,636.1289022892,684.695345724654,733.02638608937,1383.76810207822,1505.7734151011,622.411248846204,2379.53045420627,1004.66122664327,1124.91821578379,686.486077676126,549.959724564595,579.876340107322
2025.04,634.973707328966,1578.26078802464,2231.78819483733,1817.53924159448,1740.32458233287,2967.23849238713,3191.26070617288,2293.67095600195,1573.51727148426,954.455500875505,475.313806968826,399.597136931948,514.112464519114,658.377683564863,636.021851404224,686.413224186278,735.417587377807,1393.54739528954,1518.99995227887,625.196288493866,2441.71085447608,1003.35130431102,1129.54095875605,684.387101632411,550.163435454507,577.302492971961
2025.05,638.532980538705,1595.85027222431,2246.54492820699,1840.11971896915,1754.67864862091,3037.66700791054,3264.04510809735,2307.52397117611,1579.46118307882,956.706739721513,475.892392890795,399.545667928119,515.730969808377,664.026356255514,646.100506463323,688.357248920479,738.083299043269,1403.47615157543,1528.95435792614,624.582228156489,2477.96286770072,1002.41378292002,1131.87175555377,682.854745303748,550.195228804461,576.663798392807
2025.06,645.642505249989,1638.90160479878,2296.82805038393,1895.3342275117,1786.79197254729,3149.97914344902,3429.94726972947,2389.89111025236,1614.23612959186,957.390535958296,475.688987667764,399.686392352845,517.740031802889,663.910140746537,654.936513783759,691.04441125535,739.966891140857,1428.77125391383,1563.69605461425,623.786533700975,2530.26388664674,1006.70195443661,1139.53457408524,683.875214912677,549.207607914708,574.668356876668
2025.07,650.794381096,1668.1152415239,2346.6779447593,1960.84639050296,1843.95296633487,3194.54948133472,3483.55427771691,2447.51325618103,1662.75860012442,962.377758454611,480.516128667327,400.597983055565,518.193367255905,663.922035239175,656.099652807126,694.205076286517,743.758006176171,1453.95097496963,1593.74486334665,623.30617841567,2603.77868029119,1014.24263726303,1147.09391432124,683.37393764122,548.86818906196,573.690691860945
2025.08,654.33302546923,1686.62017953241,2389.04089787801,1982.31743251738,1867.46044719377,3227.29378491,3534.88211994075,2503.93422010892,1683.43284651046,964.023787367774,480.838029122731,399.962648562414,520.492565513618,664.249636347811,657.335610553589,696.210872831254,745.266702482248,1465.15786121142,1606.30460831848,622.838449770669,2600.65325341503,1016.93584541407,1154.09986332441,684.422888325262,548.401857435909,572.976162368095
2025.09,657.540655001626,1703.95721408168,2428.61923100038,2011.11176606412,1887.9098006455,3254.94532493505,3576.73118514677,2540.95678075751,1712.49949238401,968.474590955419,480.454515255484,401.56213662977,521.300138931811,664.321112551461,659.964553721638,699.355599033667,747.26942856502,1489.52243470763,1636.39090717854,623.369009248186,2624.21185789869,1038.84749308619,1167.54885402329,684.922233924162,547.572637128623,570.779535572712
2025.10,663.681547036414,1735.47802456653,2461.64466438561,2091.38628387519,1951.59474343709,3279.03191415178,3623.4062703002,2606.74221766057,1812.68617315459,972.188781303178,481.153372401854,401.534016558614,521.068091978637,664.3054058058,661.057171393086,704.702707960756,749.217406255295,1543.3133872987,1705.82170697329,623.362136141496,2697.19237571342,1053.62969062355,1187.01295848929,685.492160276385,545.496240652792,570.04070046435
2025.11,671.046566788155,1769.69410603643,2504.77636779628,2170.81944611256,2024.78610555763,3315.6742057802,3669.87567295514,2668.42397903346,1856.92863916456,979.446884932738,484.396190990375,402.247303438562,525.345107966079,664.636340499299,662.231230412689,711.65140395101,755.483633769641,1597.77476019037,1771.35246340629,622.918884125588,2750.12586991507,1081.7551006905,1216.26567822197,689.778451273656,544.211617581381,569.533067843134
2025.12,676.286312052974,1792.59768474814,2564.06859708909,2196.0881927365,2041.85666895669,3380.80178156095,3716.69871330934,2734.32913769396,1871.7823155822,982.722775370505,485.457962137528,405.016138697432,526.31981840669,668.301400885218,664.768770476885,717.091037978782,763.101682999158,1633.2815888339,1817.01783423394,623.006560613812,2757.48641778419,1091.93984950241,1233.62191641837,694.863306830234,544.193487980674,569.038920339391
2026.01,680.41444426864,1810.65009612046,2583.57812993641,2218.39081714548,2066.41594938085,3411.86615965042,3753.21333910523,2760.04869665186,1896.06902976395,989.297040941411,486.699232111644,405.135450391387,526.613070340742,669.161013258791,666.927630246145,720.850868445614,766.774944227949,1649.5940553915,1837.00049711013,622.923018874429,2777.90680213441,1114.11189475979,1256.19403138184,697.027870348824,543.948560445661,568.65752995769
2026.02,686.263776765283,1832.95973389028,2606.0063439837,2253.4345769897,2101.67862861072,3449.24388361936,3771.22572698187,2793.50318526787,1920.77676725777,1004.16041440244,488.574349127626,406.613582745215,528.376349313949,671.249404519421,670.158301278248,727.328664738973,772.206147194254,1685.66281558165,1878.84524423686,624.257431474747,2791.43174981285,1145.05041893475,1282.66469906728,701.139394638989,543.655667781151,568.389316416448
2026.03,692.783216496479,1856.80332483522,2652.15209669447,2307.06419312263,2131.09245912759,3461.6892631293,3757.99510236494,2799.56417551422,1959.14668910645,1026.46110521209,492.756717200153,408.660966353793,530.305646981239,676.582636281318,671.677883659038,734.875626782538,780.630489482795,1715.37772629069,1910.3659442357,624.350416058625,2788.18487419607,1179.73289688372,1314.17688195372,705.683537506939,543.527135996317,568.276993636236
2026.04,696.944653870665,1870.12872818318,2663.47968831955,2335.9142703078,2149.41980909266,3464.07273169451,3740.07965269867,2809.66780128204,1983.00969113621,1036.99481923291,496.683290321501,409.565392159524,530.692100114733,677.93882975668,672.868389851737,741.408148713571,787.923927067906,1736.39914361095,1931.08863052918,624.294118723971,2781.42108276376,1220.69341559721,1334.19401709214,709.547159344507,543.47917150017,568.021393506515
2026.05,700.677978358773,1882.13821146922,2678.45851806754,2361.09191552416,2169.47685124704,3471.12576188958,3718.57309041129,2813.1984103778,2003.99509257034,1047.79872661269,497.511549295816,410.080056896363,530.803725414131,678.311167519666,674.025076206633,746.456345058865,795.435397803019,1757.57395664086,1951.31917510006,624.940062341942,2776.71369950058,1243.41247075254,1354.23899014564,713.560352392995,546.092342190591,567.241777544814
